t,setitimer,brk,mmap,rt_sigaction,munmap,recvmsg,madvise,read,getpid,access,getdents,lseek,socket,open,connect,getsockname,times,stat,writev,lstat,fstat,write,rt_sigprocmask,getcwd,close,setsockopt,shutdown,ioctl,select,sendmmsg,chdir,getsockopt,clone,getuid,flock,fcntl,sendto,unlink,rename,chmod,ftruncate,chown,utime,getrandom,poll,recvfrom,uname,pipe,wait4,pread64,pwrite64,accept4,pipe2
0,89.43023255813954,44.8,36.32,35.16,25.457142857142856,22.0,20.75,15.160949868073878,14.357142857142858,11.161825726141078,8.166666666666666,6.131147540983607,4.625,4.611428571428571,4.266666666666667,4.230769230769231,4.166666666666667,3.9324473975636765,3.7,3.5008183306055645,3.3624454148471616,3.189189189189189,3.0,2.8684210526315788,2.866120218579235,2.8,2.5,2.25,1.9529411764705882,1.8333333333333333,1.736842105263158,1.625,1.5777777777777777,1.4,1.25,1.1293800539083558,1.0423728813559323,1.0,1.0,1.0,1.0,1.0,1.0,1.0,0.7961847389558233,0.7296450939457203,0.5714285714285714,0.3700787401574803,0.25471698113207547,0.0,0.0,0.0,0.0
t,brk,setitimer,getdents,mmap,munmap,madvise,select,rt_sigaction,read,getuid,getpid,access,clone,getcwd,uname,lseek,close,write,lstat,open,fstat,times,writev,socket,getsockname,rt_sigprocmask,fcntl,connect,pipe,chdir,shutdown,stat,ioctl,setsockopt,sendmmsg,getsockopt,sendto,poll,recvfrom,wait4,unlink,getrandom,nanosleep,getpeername,rename,accept4,pipe2
1,616.0,93.85714285714286,12.9,11.96,9.18,7.368421052631579,7.292558613659531,6.880361173814898,6.233858668022369,5.0,4.755102040816326,4.4977611940298505,3.09375,2.5245901639344264,2.5,2.46505376344086,2.343082114735658,2.2158273381294964,2.078215527230591,2.0062305295950154,1.9389788293897883,1.5538461538461539,1.3883495145631068,1.188235294117647,1.0655737704918034,0.9215686274509803,0.9102112676056338,0.8823529411764706,0.7526881720430108,0.7087378640776699,0.7,0.6587954680977937,0.6341463414634146,0.6144578313253012,0.5609756097560976,0.5581395348837209,0.5553191489361702,0.5196011004126547,0.473583460949464,0.44565217391304346,0.1,0.046511627906976744,0.0,0.0,0.0,0.0,0.0
